{
  "utm_min_x": 131403.624869966,
  "utm_min_y": 4398928.24399587,
  "resolution": 1.0,
  "crs": "EPSG:32652"
}